{
  "dataset_size": 202599,
  "unique_persons": 10177,
  "total_attributes": 40,
  "attribute_statistics": {
    "count": {
      "No_Beard": 169158.0,
      "Young": 156734.0,
      "Attractive": 103833.0,
      "Mouth_Slightly_Open": 97942.0,
      "Smiling": 97669.0,
      "Wearing_Lipstick": 95715.0,
      "High_Cheekbones": 92189.0,
      "Male": 84434.0,
      "Heavy_Makeup": 78390.0,
      "Wavy_Hair": 64744.0,
      "Oval_Face": 57567.0,
      "Pointy_Nose": 56210.0,
      "Arched_Eyebrows": 54090.0,
      "Big_Lips": 48785.0,
      "Black_Hair": 48472.0,
      "Big_Nose": 47516.0,
      "Straight_Hair": 42222.0,
      "Brown_Hair": 41572.0,
      "Bags_Under_Eyes": 41446.0,
      "Wearing_Earrings": 38276.0,
      "Bangs": 30709.0,
      "Blond_Hair": 29983.0,
      "Bushy_Eyebrows": 28803.0,
      "Wearing_Necklace": 24913.0,
      "Narrow_Eyes": 23329.0,
      "5_o_Clock_Shadow": 22516.0,
      "Receding_Hairline": 16163.0,
      "Wearing_Necktie": 14732.0,
      "Rosy_Cheeks": 13315.0,
      "Eyeglasses": 13193.0,
      "Goatee": 12716.0,
      "Chubby": 11663.0,
      "Sideburns": 11449.0,
      "Blurry": 10312.0,
      "Wearing_Hat": 9818.0,
      "Double_Chin": 9459.0,
      "Pale_Skin": 8701.0,
      "Gray_Hair": 8499.0,
      "Mustache": 8417.0,
      "Bald": 4547.0
    },
    "percentage": {
      "No_Beard": 83.49399552811218,
      "Young": 77.3616849046639,
      "Attractive": 51.25049975567501,
      "Mouth_Slightly_Open": 48.34278550239636,
      "Smiling": 48.20803656483991,
      "Wearing_Lipstick": 47.24356981031496,
      "High_Cheekbones": 45.50318609667372,
      "Male": 41.6754278155371,
      "Heavy_Makeup": 38.692194926924614,
      "Wavy_Hair": 31.95672239250934,
      "Oval_Face": 28.414256733744985,
      "Pointy_Nose": 27.744460732777554,
      "Arched_Eyebrows": 26.698058726844653,
      "Big_Lips": 24.079585782753124,
      "Black_Hair": 23.925093411122464,
      "Big_Nose": 23.453225336748947,
      "Straight_Hair": 20.840181837027824,
      "Brown_Hair": 20.519351033321982,
      "Bags_Under_Eyes": 20.457159215988234,
      "Wearing_Earrings": 18.89249206560743,
      "Bangs": 15.157527924619568,
      "Blond_Hair": 14.799184596172735,
      "Bushy_Eyebrows": 14.216753290983666,
      "Wearing_Necklace": 12.296704327267163,
      "Narrow_Eyes": 11.514864337928618,
      "5_o_Clock_Shadow": 11.113579040370388,
      "Receding_Hairline": 7.977828123534667,
      "Wearing_Necktie": 7.271506769529958,
      "Rosy_Cheeks": 6.572095617451221,
      "Eyeglasses": 6.511878143524894,
      "Goatee": 6.276437692189991,
      "Chubby": 5.756691790186526,
      "Sideburns": 5.6510644178895255,
      "Blurry": 5.089857304330229,
      "Wearing_Hat": 4.846025893513788,
      "Double_Chin": 4.668828572697793,
      "Pale_Skin": 4.294690496991594,
      "Gray_Hair": 4.1949861549168554,
      "Mustache": 4.154512115064734,
      "Bald": 2.244334868385333
    }
  },
  "gender_distribution": {
    "male": 84434,
    "female": 118165
  },
  "age_distribution": {
    "young": 156734,
    "older": 45865
  },
  "images_per_person": {
    "mean": 19.907536602142084,
    "median": 21.0,
    "max": 35,
    "min": 1
  }
}