{
  "steps": [
    15000,
    15100,
    15200,
    15300,
    15400,
    15500,
    15600,
    15700,
    15800,
    15900,
    16000,
    16100,
    16200,
    16300,
    16400,
    16500,
    16600,
    16700,
    16800,
    16900,
    17000,
    17100,
    17200,
    17300,
    17400,
    17500,
    17600,
    17700,
    17800,
    17900,
    18000,
    18100,
    18200,
    18300,
    18400,
    18500,
    18600,
    18700,
    18800,
    18900,
    19000,
    19100,
    19200,
    19300,
    19400,
    19500,
    19600,
    19700,
    19800,
    19900,
    20000,
    20100,
    20200,
    20300,
    20400,
    20500,
    20600,
    20700,
    20800,
    20900,
    21000,
    21100,
    21200,
    21300,
    21400,
    21500,
    21600,
    21700,
    21800,
    21900,
    22000,
    22100,
    22200,
    22300,
    22400,
    22500,
    22600,
    22700,
    22800,
    22900,
    23000,
    23100,
    23200,
    23300,
    23400,
    23500,
    23600,
    23700,
    23800,
    23900,
    24000,
    24100,
    24200,
    24300,
    24400,
    24500,
    24600,
    24700,
    24800,
    24900,
    25000
  ],
  "losses": [
    0.0030070359352976084,
    0.011314788833260536,
    0.2358345240354538,
    0.005192561540752649,
    0.15647301077842712,
    0.3313751816749573,
    0.035466838628053665,
    0.07339414209127426,
    0.0404844805598259,
    0.016227291896939278,
    0.30219539999961853,
    0.11732011288404465,
    0.00490217562764883,
    0.007692962884902954,
    0.35178786516189575,
    0.08761348575353622,
    0.37940236926078796,
    0.14976973831653595,
    0.027277203276753426,
    0.007712818216532469,
    0.03852028399705887,
    0.04049186408519745,
    0.12989385426044464,
    0.02181411162018776,
    0.23420827090740204,
    0.0671473816037178,
    0.1738242357969284,
    0.18647395074367523,
    0.1360996812582016,
    0.0037577825132757425,
    0.003887114580720663,
    0.0101426150649786,
    0.13031338155269623,
    0.10631374269723892,
    0.2099841833114624,
    0.09895816445350647,
    0.350233793258667,
    0.053379498422145844,
    0.030608683824539185,
    0.07145629078149796,
    0.06247999519109726,
    0.044315487146377563,
    0.05056576803326607,
    0.33870556950569153,
    0.08831726014614105,
    0.2541118562221527,
    0.020124880596995354,
    0.11507055908441544,
    0.14468975365161896,
    0.08477793633937836,
    0.3121533989906311,
    0.015029978938400745,
    0.021063601598143578,
    0.13992656767368317,
    0.3374037444591522,
    0.3668016791343689,
    0.09241414815187454,
    0.018120406195521355,
    0.23980383574962616,
    0.2584347426891327,
    0.30076903104782104,
    0.33541175723075867,
    0.11973327398300171,
    0.09793249517679214,
    0.16659924387931824,
    0.22811098396778107,
    0.013234700076282024,
    0.28486284613609314,
    0.2678104043006897,
    0.011579843237996101,
    0.03770022094249725,
    0.06903248280286789,
    0.050228048115968704,
    0.27362382411956787,
    0.005053882021456957,
    0.012987097725272179,
    0.023405950516462326,
    0.016418306156992912,
    0.003893383778631687,
    0.37982267141342163,
    0.035835135728120804,
    0.166190505027771,
    0.2280619889497757,
    0.552994430065155,
    0.2937510013580322,
    0.051773134618997574,
    0.4677251875400543,
    0.4097018539905548,
    0.13639497756958008,
    0.01817457377910614,
    0.005911631044000387,
    0.04300753027200699,
    0.06498005241155624,
    0.28856131434440613,
    0.08716371655464172,
    0.3881121575832367,
    0.03626098856329918,
    0.399196982383728,
    0.44228366017341614,
    0.32705244421958923,
    0.029604297131299973
  ],
  "learning_rates": [
    0.0,
    1e-05,
    2e-05,
    3e-05,
    4e-05,
    5e-05,
    5e-05,
    5e-05,
    5e-05,
    5e-05,
    5e-05,
    5e-05,
    5e-05,
    5e-05,
    5e-05,
    5e-05,
    5e-05,
    5e-05,
    5e-05,
    5e-05,
    5e-05,
    5e-05,
    5e-05,
    5e-05,
    5e-05,
    5e-05,
    5e-05,
    5e-05,
    5e-05,
    5e-05,
    5e-05,
    5e-05,
    5e-05,
    5e-05,
    5e-05,
    5e-05,
    5e-05,
    5e-05,
    5e-05,
    5e-05,
    5e-05,
    5e-05,
    5e-05,
    5e-05,
    5e-05,
    5e-05,
    5e-05,
    5e-05,
    5e-05,
    5e-05,
    5e-05,
    5e-05,
    5e-05,
    5e-05,
    5e-05,
    5e-05,
    5e-05,
    5e-05,
    5e-05,
    5e-05,
    5e-05,
    5e-05,
    5e-05,
    5e-05,
    5e-05,
    5e-05,
    5e-05,
    5e-05,
    5e-05,
    5e-05,
    5e-05,
    5e-05,
    5e-05,
    5e-05,
    5e-05,
    5e-05,
    5e-05,
    5e-05,
    5e-05,
    5e-05,
    5e-05,
    5e-05,
    5e-05,
    5e-05,
    5e-05,
    5e-05,
    5e-05,
    5e-05,
    5e-05,
    5e-05,
    5e-05,
    5e-05,
    5e-05,
    5e-05,
    5e-05,
    5e-05,
    5e-05,
    5e-05,
    5e-05,
    5e-05,
    5e-05
  ],